<?xml version="1.0" encoding="UTF-8"?>
<GenRun Id="synth_1" LaunchPart="xc7a35tcpg236-1" LaunchTime="1586783065">
  <File Type="PA-TCL" Name="fsm2.tcl"/>
  <File Type="RDS-PROPCONSTRS" Name="fsm2_drc_synth.rpt"/>
  <File Type="REPORTS-TCL" Name="fsm2_reports.tcl"/>
  <File Type="RDS-RDS" Name="fsm2.vds"/>
  <File Type="RDS-UTIL" Name="fsm2_utilization_synth.rpt"/>
  <File Type="RDS-UTIL-PB" Name="fsm2_utilization_synth.pb"/>
  <File Type="RDS-DCP" Name="fsm2.dcp"/>
  <File Type="VDS-TIMINGSUMMARY" Name="fsm2_timing_summary_synth.rpt"/>
  <File Type="VDS-TIMING-PB" Name="fsm2_timing_summary_synth.pb"/>
  <FileSet Name="sources" Type="DesignSrcs" RelSrcDir="$PSRCDIR/sources_1">
    <Filter Type="Srcs"/>
    <File Path="$PSRCDIR/sources_1/imports/new/clk_div.v">
      <FileInfo>
        <Attr Name="ImportPath" Val="$PPRDIR/../lab4/lab4.srcs/sources_1/new/clk_div.v"/>
        <Attr Name="ImportTime" Val="1585036641"/>
        <Attr Name="UsedIn" Val="synthesis"/>
        <Attr Name="UsedIn" Val="implementation"/>
        <Attr Name="UsedIn" Val="simulation"/>
      </FileInfo>
    </File>
    <File Path="$PSRCDIR/sources_1/imports/new/fsm2.v">
      <FileInfo>
        <Attr Name="ImportPath" Val="$PPRDIR/../lab4/lab4.srcs/sources_1/new/fsm2.v"/>
        <Attr Name="ImportTime" Val="1585039808"/>
        <Attr Name="UsedIn" Val="synthesis"/>
        <Attr Name="UsedIn" Val="implementation"/>
        <Attr Name="UsedIn" Val="simulation"/>
      </FileInfo>
    </File>
    <Config>
      <Option Name="DesignMode" Val="RTL"/>
      <Option Name="TopModule" Val="fsm2"/>
      <Option Name="TopAutoSet" Val="TRUE"/>
    </Config>
  </FileSet>
  <FileSet Name="constrs_in" Type="Constrs" RelSrcDir="$PSRCDIR/constrs_1">
    <Filter Type="Constrs"/>
    <File Path="$PSRCDIR/constrs_1/imports/new/contraints.xdc">
      <FileInfo>
        <Attr Name="ImportPath" Val="$PPRDIR/../lab4/lab4.srcs/constrs_1/new/contraints.xdc"/>
        <Attr Name="ImportTime" Val="1585039188"/>
        <Attr Name="UsedIn" Val="synthesis"/>
        <Attr Name="UsedIn" Val="implementation"/>
      </FileInfo>
    </File>
    <Config>
      <Option Name="ConstrsType" Val="XDC"/>
    </Config>
  </FileSet>
  <FileSet Name="utils" Type="Utils" RelSrcDir="$PSRCDIR/utils_1">
    <Filter Type="Utils"/>
    <Config>
      <Option Name="TopAutoSet" Val="TRUE"/>
    </Config>
  </FileSet>
  <Strategy Version="1" Minor="2">
    <StratHandle Name="Vivado Synthesis Defaults" Flow="Vivado Synthesis 2019"/>
    <Step Id="synth_design"/>
  </Strategy>
</GenRun>
