<?xml version="1.0" encoding="UTF-8"?>
<GenRun Id="impl_1" LaunchPart="xc7a35tcpg236-1" LaunchTime="1584463324">
  <File Type="BITSTR-BMM" Name="results_bd.bmm"/>
  <File Type="OPT-METHODOLOGY-DRC" Name="results_methodology_drc_opted.rpt"/>
  <File Type="INIT-TIMING" Name="results_timing_summary_init.rpt"/>
  <File Type="ROUTE-PWR" Name="results_power_routed.rpt"/>
  <File Type="PA-TCL" Name="results.tcl"/>
  <File Type="OPT-TIMING" Name="results_timing_summary_opted.rpt"/>
  <File Type="OPT-DCP" Name="results_opt.dcp"/>
  <File Type="ROUTE-PWR-SUM" Name="results_power_summary_routed.pb"/>
  <File Type="REPORTS-TCL" Name="results_reports.tcl"/>
  <File Type="OPT-DRC" Name="results_drc_opted.rpt"/>
  <File Type="OPT-HWDEF" Name="results.hwdef"/>
  <File Type="PWROPT-DCP" Name="results_pwropt.dcp"/>
  <File Type="PWROPT-DRC" Name="results_drc_pwropted.rpt"/>
  <File Type="PWROPT-TIMING" Name="results_timing_summary_pwropted.rpt"/>
  <File Type="PLACE-DCP" Name="results_placed.dcp"/>
  <File Type="PLACE-IO" Name="results_io_placed.rpt"/>
  <File Type="PLACE-CLK" Name="results_clock_utilization_placed.rpt"/>
  <File Type="PLACE-UTIL" Name="results_utilization_placed.rpt"/>
  <File Type="PLACE-UTIL-PB" Name="results_utilization_placed.pb"/>
  <File Type="PLACE-CTRL" Name="results_control_sets_placed.rpt"/>
  <File Type="PLACE-SIMILARITY" Name="results_incremental_reuse_placed.rpt"/>
  <File Type="PLACE-PRE-SIMILARITY" Name="results_incremental_reuse_pre_placed.rpt"/>
  <File Type="PLACE-TIMING" Name="results_timing_summary_placed.rpt"/>
  <File Type="POSTPLACE-PWROPT-DCP" Name="results_postplace_pwropt.dcp"/>
  <File Type="BG-BIN" Name="results.bin"/>
  <File Type="POSTPLACE-PWROPT-TIMING" Name="results_timing_summary_postplace_pwropted.rpt"/>
  <File Type="PHYSOPT-DCP" Name="results_physopt.dcp"/>
  <File Type="PHYSOPT-DRC" Name="results_drc_physopted.rpt"/>
  <File Type="BITSTR-MSK" Name="results.msk"/>
  <File Type="PHYSOPT-TIMING" Name="results_timing_summary_physopted.rpt"/>
  <File Type="ROUTE-ERROR-DCP" Name="results_routed_error.dcp"/>
  <File Type="ROUTE-DCP" Name="results_routed.dcp"/>
  <File Type="ROUTE-BLACKBOX-DCP" Name="results_routed_bb.dcp"/>
  <File Type="ROUTE-DRC" Name="results_drc_routed.rpt"/>
  <File Type="ROUTE-DRC-PB" Name="results_drc_routed.pb"/>
  <File Type="ROUTE-DRC-RPX" Name="results_drc_routed.rpx"/>
  <File Type="BITSTR-MMI" Name="results.mmi"/>
  <File Type="ROUTE-METHODOLOGY-DRC" Name="results_methodology_drc_routed.rpt"/>
  <File Type="ROUTE-METHODOLOGY-DRC-RPX" Name="results_methodology_drc_routed.rpx"/>
  <File Type="ROUTE-METHODOLOGY-DRC-PB" Name="results_methodology_drc_routed.pb"/>
  <File Type="ROUTE-PWR-RPX" Name="results_power_routed.rpx"/>
  <File Type="ROUTE-STATUS" Name="results_route_status.rpt"/>
  <File Type="ROUTE-STATUS-PB" Name="results_route_status.pb"/>
  <File Type="ROUTE-TIMINGSUMMARY" Name="results_timing_summary_routed.rpt"/>
  <File Type="ROUTE-TIMING-PB" Name="results_timing_summary_routed.pb"/>
  <File Type="ROUTE-TIMING-RPX" Name="results_timing_summary_routed.rpx"/>
  <File Type="ROUTE-SIMILARITY" Name="results_incremental_reuse_routed.rpt"/>
  <File Type="ROUTE-CLK" Name="results_clock_utilization_routed.rpt"/>
  <File Type="ROUTE-BUS-SKEW" Name="results_bus_skew_routed.rpt"/>
  <File Type="ROUTE-BUS-SKEW-PB" Name="results_bus_skew_routed.pb"/>
  <File Type="ROUTE-BUS-SKEW-RPX" Name="results_bus_skew_routed.rpx"/>
  <File Type="POSTROUTE-PHYSOPT-DCP" Name="results_postroute_physopt.dcp"/>
  <File Type="POSTROUTE-PHYSOPT-BLACKBOX-DCP" Name="results_postroute_physopt_bb.dcp"/>
  <File Type="POSTROUTE-PHYSOPT-TIMING" Name="results_timing_summary_postroute_physopted.rpt"/>
  <File Type="POSTROUTE-PHYSOPT-TIMING-PB" Name="results_timing_summary_postroute_physopted.pb"/>
  <File Type="POSTROUTE-PHYSOPT-TIMING-RPX" Name="results_timing_summary_postroute_physopted.rpx"/>
  <File Type="POSTROUTE-PHYSOPT-BUS-SKEW" Name="results_bus_skew_postroute_physopted.rpt"/>
  <File Type="POSTROUTE-PHYSOPT-BUS-SKEW-PB" Name="results_bus_skew_postroute_physopted.pb"/>
  <File Type="BG-BIT" Name="results.bit"/>
  <File Type="POSTROUTE-PHYSOPT-BUS-SKEW-RPX" Name="results_bus_skew_postroute_physopted.rpx"/>
  <File Type="BITSTR-RBT" Name="results.rbt"/>
  <File Type="BITSTR-NKY" Name="results.nky"/>
  <File Type="PDI-FILE" Name="results.pdi"/>
  <File Type="RCFI_FILE" Name="results.rcfi"/>
  <File Type="CFI_FILE" Name="results.cfi"/>
  <File Type="RNPI_FILE" Name="results.rnpi"/>
  <File Type="NPI_FILE" Name="results.npi"/>
  <File Type="RBD_FILE" Name="results.rbd"/>
  <File Type="BITSTR-LTX" Name="debug_nets.ltx"/>
  <File Type="BITSTR-LTX" Name="results.ltx"/>
  <File Type="BITSTR-SYSDEF" Name="results.sysdef"/>
  <File Type="BG-BGN" Name="results.bgn"/>
  <File Type="BG-DRC" Name="results.drc"/>
  <File Type="RDI-RDI" Name="results.vdi"/>
  <File Type="WBT-USG" Name="usage_statistics_webtalk.html"/>
  <FileSet Name="sources" Type="DesignSrcs" RelSrcDir="$PSRCDIR/sources_1">
    <Filter Type="Srcs"/>
    <File Path="$PSRCDIR/sources_1/new/FourBitAdder.v">
      <FileInfo>
        <Attr Name="UsedIn" Val="synthesis"/>
        <Attr Name="UsedIn" Val="implementation"/>
        <Attr Name="UsedIn" Val="simulation"/>
      </FileInfo>
    </File>
    <File Path="$PSRCDIR/sources_1/new/FullAdder.v">
      <FileInfo>
        <Attr Name="UsedIn" Val="synthesis"/>
        <Attr Name="UsedIn" Val="implementation"/>
        <Attr Name="UsedIn" Val="simulation"/>
      </FileInfo>
    </File>
    <File Path="$PSRCDIR/sources_1/new/decoder.v">
      <FileInfo>
        <Attr Name="UsedIn" Val="synthesis"/>
        <Attr Name="UsedIn" Val="implementation"/>
        <Attr Name="UsedIn" Val="simulation"/>
      </FileInfo>
    </File>
    <File Path="$PSRCDIR/sources_1/new/decoder_2.v">
      <FileInfo>
        <Attr Name="UsedIn" Val="synthesis"/>
        <Attr Name="UsedIn" Val="implementation"/>
        <Attr Name="UsedIn" Val="simulation"/>
      </FileInfo>
    </File>
    <File Path="$PSRCDIR/sources_1/new/results.v">
      <FileInfo>
        <Attr Name="UsedIn" Val="synthesis"/>
        <Attr Name="UsedIn" Val="implementation"/>
        <Attr Name="UsedIn" Val="simulation"/>
      </FileInfo>
    </File>
    <Config>
      <Option Name="DesignMode" Val="RTL"/>
      <Option Name="TopModule" Val="results"/>
      <Option Name="TopAutoSet" Val="TRUE"/>
    </Config>
  </FileSet>
  <FileSet Name="constrs_in" Type="Constrs" RelSrcDir="$PSRCDIR/constrs_1">
    <Filter Type="Constrs"/>
    <File Path="$PSRCDIR/constrs_1/new/contraints-lab3.xdc">
      <FileInfo>
        <Attr Name="UsedIn" Val="synthesis"/>
        <Attr Name="UsedIn" Val="implementation"/>
      </FileInfo>
    </File>
    <Config>
      <Option Name="ConstrsType" Val="XDC"/>
    </Config>
  </FileSet>
  <FileSet Name="utils" Type="Utils" RelSrcDir="$PSRCDIR/utils_1">
    <Filter Type="Utils"/>
    <Config>
      <Option Name="TopAutoSet" Val="TRUE"/>
    </Config>
  </FileSet>
  <Strategy Version="1" Minor="2">
    <StratHandle Name="Vivado Implementation Defaults" Flow="Vivado Implementation 2019"/>
    <Step Id="init_design"/>
    <Step Id="opt_design"/>
    <Step Id="power_opt_design"/>
    <Step Id="place_design"/>
    <Step Id="post_place_power_opt_design"/>
    <Step Id="phys_opt_design" EnableStepBool="1"/>
    <Step Id="route_design"/>
    <Step Id="post_route_phys_opt_design"/>
    <Step Id="write_bitstream"/>
  </Strategy>
</GenRun>
