<?xml version="1.0" encoding="UTF-8"?>
<GenRun Id="synth_1" LaunchPart="xc7a35tcpg236-1" LaunchTime="1586780080">
  <File Type="PA-TCL" Name="ALU.tcl"/>
  <File Type="RDS-PROPCONSTRS" Name="ALU_drc_synth.rpt"/>
  <File Type="REPORTS-TCL" Name="ALU_reports.tcl"/>
  <File Type="RDS-RDS" Name="ALU.vds"/>
  <File Type="RDS-UTIL" Name="ALU_utilization_synth.rpt"/>
  <File Type="RDS-UTIL-PB" Name="ALU_utilization_synth.pb"/>
  <File Type="RDS-DCP" Name="ALU.dcp"/>
  <File Type="VDS-TIMINGSUMMARY" Name="ALU_timing_summary_synth.rpt"/>
  <File Type="VDS-TIMING-PB" Name="ALU_timing_summary_synth.pb"/>
  <FileSet Name="sources" Type="DesignSrcs" RelSrcDir="$PSRCDIR/sources_1">
    <Filter Type="Srcs"/>
    <File Path="$PSRCDIR/sources_1/imports/new/adder.v">
      <FileInfo>
        <Attr Name="ImportPath" Val="$PPRDIR/../lab5/lab5.srcs/sources_1/new/adder.v"/>
        <Attr Name="ImportTime" Val="1586246480"/>
        <Attr Name="UsedIn" Val="synthesis"/>
        <Attr Name="UsedIn" Val="implementation"/>
        <Attr Name="UsedIn" Val="simulation"/>
      </FileInfo>
    </File>
    <File Path="$PSRCDIR/sources_1/imports/new/arithmetic.v">
      <FileInfo>
        <Attr Name="ImportPath" Val="$PPRDIR/../lab5/lab5.srcs/sources_1/new/arithmetic.v"/>
        <Attr Name="ImportTime" Val="1586247164"/>
        <Attr Name="UsedIn" Val="synthesis"/>
        <Attr Name="UsedIn" Val="implementation"/>
        <Attr Name="UsedIn" Val="simulation"/>
      </FileInfo>
    </File>
    <File Path="$PSRCDIR/sources_1/imports/new/extender.v">
      <FileInfo>
        <Attr Name="ImportPath" Val="$PPRDIR/../lab5/lab5.srcs/sources_1/new/extender.v"/>
        <Attr Name="ImportTime" Val="1586247212"/>
        <Attr Name="UsedIn" Val="synthesis"/>
        <Attr Name="UsedIn" Val="implementation"/>
        <Attr Name="UsedIn" Val="simulation"/>
      </FileInfo>
    </File>
    <File Path="$PSRCDIR/sources_1/imports/new/logical.v">
      <FileInfo>
        <Attr Name="ImportPath" Val="$PPRDIR/../lab5/lab5.srcs/sources_1/new/logical.v"/>
        <Attr Name="ImportTime" Val="1585639603"/>
        <Attr Name="UsedIn" Val="synthesis"/>
        <Attr Name="UsedIn" Val="implementation"/>
        <Attr Name="UsedIn" Val="simulation"/>
      </FileInfo>
    </File>
    <File Path="$PSRCDIR/sources_1/imports/new/ALU.v">
      <FileInfo>
        <Attr Name="ImportPath" Val="$PPRDIR/../lab5/lab5.srcs/sources_1/new/ALU.v"/>
        <Attr Name="ImportTime" Val="1586268936"/>
        <Attr Name="UsedIn" Val="synthesis"/>
        <Attr Name="UsedIn" Val="implementation"/>
        <Attr Name="UsedIn" Val="simulation"/>
      </FileInfo>
    </File>
    <Config>
      <Option Name="DesignMode" Val="RTL"/>
      <Option Name="TopModule" Val="ALU"/>
      <Option Name="TopAutoSet" Val="TRUE"/>
    </Config>
  </FileSet>
  <FileSet Name="constrs_in" Type="Constrs" RelSrcDir="$PSRCDIR/constrs_1">
    <Filter Type="Constrs"/>
    <File Path="$PSRCDIR/constrs_1/new/contraints.xdc">
      <FileInfo>
        <Attr Name="ImportPath" Val="$PPRDIR/../lab5/lab5.srcs/constrs_1/new/contraints.xdc"/>
        <Attr Name="ImportTime" Val="1585661952"/>
        <Attr Name="UsedIn" Val="synthesis"/>
        <Attr Name="UsedIn" Val="implementation"/>
      </FileInfo>
    </File>
    <Config>
      <Option Name="TargetConstrsFile" Val="$PSRCDIR/constrs_1/new/contraints.xdc"/>
      <Option Name="ConstrsType" Val="XDC"/>
    </Config>
  </FileSet>
  <FileSet Name="utils" Type="Utils" RelSrcDir="$PSRCDIR/utils_1">
    <Filter Type="Utils"/>
    <Config>
      <Option Name="TopAutoSet" Val="TRUE"/>
    </Config>
  </FileSet>
  <Strategy Version="1" Minor="2">
    <StratHandle Name="Vivado Synthesis Defaults" Flow="Vivado Synthesis 2019"/>
    <Step Id="synth_design"/>
  </Strategy>
</GenRun>
