<?xml version="1.0" encoding="UTF-8"?>
<GenRun Id="impl_1" LaunchPart="xc7a35tcpg236-1" LaunchTime="1586783065">
  <File Type="BITSTR-BMM" Name="fsm2_bd.bmm"/>
  <File Type="OPT-METHODOLOGY-DRC" Name="fsm2_methodology_drc_opted.rpt"/>
  <File Type="INIT-TIMING" Name="fsm2_timing_summary_init.rpt"/>
  <File Type="ROUTE-PWR" Name="fsm2_power_routed.rpt"/>
  <File Type="PA-TCL" Name="fsm2.tcl"/>
  <File Type="OPT-TIMING" Name="fsm2_timing_summary_opted.rpt"/>
  <File Type="OPT-DCP" Name="fsm2_opt.dcp"/>
  <File Type="ROUTE-PWR-SUM" Name="fsm2_power_summary_routed.pb"/>
  <File Type="REPORTS-TCL" Name="fsm2_reports.tcl"/>
  <File Type="OPT-DRC" Name="fsm2_drc_opted.rpt"/>
  <File Type="OPT-HWDEF" Name="fsm2.hwdef"/>
  <File Type="PWROPT-DCP" Name="fsm2_pwropt.dcp"/>
  <File Type="PWROPT-DRC" Name="fsm2_drc_pwropted.rpt"/>
  <File Type="PWROPT-TIMING" Name="fsm2_timing_summary_pwropted.rpt"/>
  <File Type="PLACE-DCP" Name="fsm2_placed.dcp"/>
  <File Type="PLACE-IO" Name="fsm2_io_placed.rpt"/>
  <File Type="PLACE-CLK" Name="fsm2_clock_utilization_placed.rpt"/>
  <File Type="PLACE-UTIL" Name="fsm2_utilization_placed.rpt"/>
  <File Type="PLACE-UTIL-PB" Name="fsm2_utilization_placed.pb"/>
  <File Type="PLACE-CTRL" Name="fsm2_control_sets_placed.rpt"/>
  <File Type="PLACE-SIMILARITY" Name="fsm2_incremental_reuse_placed.rpt"/>
  <File Type="PLACE-PRE-SIMILARITY" Name="fsm2_incremental_reuse_pre_placed.rpt"/>
  <File Type="PLACE-TIMING" Name="fsm2_timing_summary_placed.rpt"/>
  <File Type="POSTPLACE-PWROPT-DCP" Name="fsm2_postplace_pwropt.dcp"/>
  <File Type="BG-BIN" Name="fsm2.bin"/>
  <File Type="POSTPLACE-PWROPT-TIMING" Name="fsm2_timing_summary_postplace_pwropted.rpt"/>
  <File Type="PHYSOPT-DCP" Name="fsm2_physopt.dcp"/>
  <File Type="PHYSOPT-DRC" Name="fsm2_drc_physopted.rpt"/>
  <File Type="BITSTR-MSK" Name="fsm2.msk"/>
  <File Type="PHYSOPT-TIMING" Name="fsm2_timing_summary_physopted.rpt"/>
  <File Type="ROUTE-ERROR-DCP" Name="fsm2_routed_error.dcp"/>
  <File Type="ROUTE-DCP" Name="fsm2_routed.dcp"/>
  <File Type="ROUTE-BLACKBOX-DCP" Name="fsm2_routed_bb.dcp"/>
  <File Type="ROUTE-DRC" Name="fsm2_drc_routed.rpt"/>
  <File Type="ROUTE-DRC-PB" Name="fsm2_drc_routed.pb"/>
  <File Type="ROUTE-DRC-RPX" Name="fsm2_drc_routed.rpx"/>
  <File Type="BITSTR-MMI" Name="fsm2.mmi"/>
  <File Type="ROUTE-METHODOLOGY-DRC" Name="fsm2_methodology_drc_routed.rpt"/>
  <File Type="ROUTE-METHODOLOGY-DRC-RPX" Name="fsm2_methodology_drc_routed.rpx"/>
  <File Type="ROUTE-METHODOLOGY-DRC-PB" Name="fsm2_methodology_drc_routed.pb"/>
  <File Type="ROUTE-PWR-RPX" Name="fsm2_power_routed.rpx"/>
  <File Type="ROUTE-STATUS" Name="fsm2_route_status.rpt"/>
  <File Type="ROUTE-STATUS-PB" Name="fsm2_route_status.pb"/>
  <File Type="ROUTE-TIMINGSUMMARY" Name="fsm2_timing_summary_routed.rpt"/>
  <File Type="ROUTE-TIMING-PB" Name="fsm2_timing_summary_routed.pb"/>
  <File Type="ROUTE-TIMING-RPX" Name="fsm2_timing_summary_routed.rpx"/>
  <File Type="ROUTE-SIMILARITY" Name="fsm2_incremental_reuse_routed.rpt"/>
  <File Type="ROUTE-CLK" Name="fsm2_clock_utilization_routed.rpt"/>
  <File Type="ROUTE-BUS-SKEW" Name="fsm2_bus_skew_routed.rpt"/>
  <File Type="ROUTE-BUS-SKEW-PB" Name="fsm2_bus_skew_routed.pb"/>
  <File Type="ROUTE-BUS-SKEW-RPX" Name="fsm2_bus_skew_routed.rpx"/>
  <File Type="POSTROUTE-PHYSOPT-DCP" Name="fsm2_postroute_physopt.dcp"/>
  <File Type="POSTROUTE-PHYSOPT-BLACKBOX-DCP" Name="fsm2_postroute_physopt_bb.dcp"/>
  <File Type="POSTROUTE-PHYSOPT-TIMING" Name="fsm2_timing_summary_postroute_physopted.rpt"/>
  <File Type="POSTROUTE-PHYSOPT-TIMING-PB" Name="fsm2_timing_summary_postroute_physopted.pb"/>
  <File Type="POSTROUTE-PHYSOPT-TIMING-RPX" Name="fsm2_timing_summary_postroute_physopted.rpx"/>
  <File Type="POSTROUTE-PHYSOPT-BUS-SKEW" Name="fsm2_bus_skew_postroute_physopted.rpt"/>
  <File Type="POSTROUTE-PHYSOPT-BUS-SKEW-PB" Name="fsm2_bus_skew_postroute_physopted.pb"/>
  <File Type="BG-BIT" Name="fsm2.bit"/>
  <File Type="POSTROUTE-PHYSOPT-BUS-SKEW-RPX" Name="fsm2_bus_skew_postroute_physopted.rpx"/>
  <File Type="BITSTR-RBT" Name="fsm2.rbt"/>
  <File Type="BITSTR-NKY" Name="fsm2.nky"/>
  <File Type="PDI-FILE" Name="fsm2.pdi"/>
  <File Type="RCFI_FILE" Name="fsm2.rcfi"/>
  <File Type="CFI_FILE" Name="fsm2.cfi"/>
  <File Type="RNPI_FILE" Name="fsm2.rnpi"/>
  <File Type="NPI_FILE" Name="fsm2.npi"/>
  <File Type="RBD_FILE" Name="fsm2.rbd"/>
  <File Type="BITSTR-LTX" Name="debug_nets.ltx"/>
  <File Type="BITSTR-LTX" Name="fsm2.ltx"/>
  <File Type="BITSTR-SYSDEF" Name="fsm2.sysdef"/>
  <File Type="BG-BGN" Name="fsm2.bgn"/>
  <File Type="BG-DRC" Name="fsm2.drc"/>
  <File Type="RDI-RDI" Name="fsm2.vdi"/>
  <File Type="WBT-USG" Name="usage_statistics_webtalk.html"/>
  <FileSet Name="sources" Type="DesignSrcs" RelSrcDir="$PSRCDIR/sources_1">
    <Filter Type="Srcs"/>
    <File Path="$PSRCDIR/sources_1/imports/new/clk_div.v">
      <FileInfo>
        <Attr Name="ImportPath" Val="$PPRDIR/../lab4/lab4.srcs/sources_1/new/clk_div.v"/>
        <Attr Name="ImportTime" Val="1585036641"/>
        <Attr Name="UsedIn" Val="synthesis"/>
        <Attr Name="UsedIn" Val="implementation"/>
        <Attr Name="UsedIn" Val="simulation"/>
      </FileInfo>
    </File>
    <File Path="$PSRCDIR/sources_1/imports/new/fsm2.v">
      <FileInfo>
        <Attr Name="ImportPath" Val="$PPRDIR/../lab4/lab4.srcs/sources_1/new/fsm2.v"/>
        <Attr Name="ImportTime" Val="1585039808"/>
        <Attr Name="UsedIn" Val="synthesis"/>
        <Attr Name="UsedIn" Val="implementation"/>
        <Attr Name="UsedIn" Val="simulation"/>
      </FileInfo>
    </File>
    <Config>
      <Option Name="DesignMode" Val="RTL"/>
      <Option Name="TopModule" Val="fsm2"/>
      <Option Name="TopAutoSet" Val="TRUE"/>
    </Config>
  </FileSet>
  <FileSet Name="constrs_in" Type="Constrs" RelSrcDir="$PSRCDIR/constrs_1">
    <Filter Type="Constrs"/>
    <File Path="$PSRCDIR/constrs_1/imports/new/contraints.xdc">
      <FileInfo>
        <Attr Name="ImportPath" Val="$PPRDIR/../lab4/lab4.srcs/constrs_1/new/contraints.xdc"/>
        <Attr Name="ImportTime" Val="1585039188"/>
        <Attr Name="UsedIn" Val="synthesis"/>
        <Attr Name="UsedIn" Val="implementation"/>
      </FileInfo>
    </File>
    <Config>
      <Option Name="ConstrsType" Val="XDC"/>
    </Config>
  </FileSet>
  <FileSet Name="utils" Type="Utils" RelSrcDir="$PSRCDIR/utils_1">
    <Filter Type="Utils"/>
    <Config>
      <Option Name="TopAutoSet" Val="TRUE"/>
    </Config>
  </FileSet>
  <Strategy Version="1" Minor="2">
    <StratHandle Name="Vivado Implementation Defaults" Flow="Vivado Implementation 2019"/>
    <Step Id="init_design"/>
    <Step Id="opt_design"/>
    <Step Id="power_opt_design"/>
    <Step Id="place_design"/>
    <Step Id="post_place_power_opt_design"/>
    <Step Id="phys_opt_design" EnableStepBool="1"/>
    <Step Id="route_design"/>
    <Step Id="post_route_phys_opt_design"/>
    <Step Id="write_bitstream"/>
  </Strategy>
</GenRun>
